{"cameraMode":{"drawMode":0,"name":"Shaded","section":"Shading Mode"},"sceneLighting":true,"audioPlay":false,"sceneViewState":{"m_AlwaysRefresh":false,"showFog":true,"showSkybox":true,"showFlares":true,"showImageEffects":true,"showParticleSystems":true,"showVisualEffectGraphs":true,"m_FxEnabled":true},"in2DMode":false,"pivot":{"x":11.369999885559082,"y":0.6119999885559082,"z":0.6100000143051148},"rotation":{"x":-0.3310164213180542,"y":0.33130425214767458,"z":-0.12538708746433259,"w":-0.8746180534362793},"size":11.147656440734864,"orthographic":false}